insert into Lento (lennonNro, lahtoaika) values(1, '2012-04-09');
insert into Lento (lennonNro, lahtoaika) values(2, '2012-05-20');
insert into Lento (lennonNro, lahtoaika) values(3, '2012-06-13');
insert into Tuoteryhma (tuoteryhmanNro, tuoteryhmanNimi) values(1, 'Makeiset');
insert into Tuoteryhma (tuoteryhmanNro, tuoteryhmanNimi) values(2, 'Alkoholijuomat');
insert into Tuoteryhma (tuoteryhmanNro, tuoteryhmanNimi) values(3, 'Matkamuistot');
insert into Tuoteryhma (tuoteryhmanNro, tuoteryhmanNimi) values(4, 'Limut');
insert into Tuoteryhma (tuoteryhmanNro, tuoteryhmanNimi) values(5, 'Ruokatuotteet');
insert into AsiakaidenLennot (asiakasNro, paikka, lennonNro) values(1, 1, 1);
insert into AsiakaidenLennot (asiakasNro, paikka, lennonNro) values(2, 1, 2);
insert into AsiakaidenLennot (asiakasNro, paikka, lennonNro) values(3, 1, 3);
insert into AsiakaidenLennot (asiakasNro, paikka, lennonNro) values(4, 2, 2);
insert into AsiakaidenLennot (asiakasNro, paikka, lennonNro) values(5, 3, 1);
insert into AsiakaidenLennot (asiakasNro, paikka, lennonNro) values(6, 4, 1);
insert into AsiakaidenLennot (asiakasNro, paikka, lennonNro) values(7, 5, 1);
insert into AsiakaidenLennot (asiakasNro, paikka, lennonNro) values(8, 2, 3);
insert into AsiakaidenLennot (asiakasNro, paikka, lennonNro) values(9, 6, 1);
insert into AsiakaidenLennot (asiakasNro, paikka, lennonNro) values(10, 7, 1);
insert into AsiakaidenLennot (asiakasNro, paikka, lennonNro) values(11, 8, 1);
insert into AsiakaidenLennot (asiakasNro, paikka, lennonNro) values(12, 9, 1);
insert into AsiakaidenLennot (asiakasNro, paikka, lennonNro) values(13, 3, 2);
insert into AsiakaidenLennot (asiakasNro, paikka, lennonNro) values(14, 3, 3);
insert into AsiakaidenLennot (asiakasNro, paikka, lennonNro) values(15, 4, 2);
insert into AsiakaidenLennot (asiakasNro, paikka, lennonNro) values(16, 5, 2);
insert into AsiakaidenLennot (asiakasNro, paikka, lennonNro) values(17, 6, 2);
insert into AsiakaidenLennot (asiakasNro, paikka, lennonNro) values(18, 7, 2);
insert into AsiakaidenLennot (asiakasNro, paikka, lennonNro) values(19, 8, 2);
insert into AsiakaidenLennot (asiakasNro, paikka, lennonNro) values(20, 9, 2);
insert into AsiakaidenLennot (asiakasNro, paikka, lennonNro) values(21, 4, 3);
insert into AsiakaidenLennot (asiakasNro, paikka, lennonNro) values(22, 5, 3);
insert into AsiakaidenLennot (asiakasNro, paikka, lennonNro) values(23, 6, 3);
insert into AsiakaidenLennot (asiakasNro, paikka, lennonNro) values(24, 7, 3);
insert into AsiakaidenLennot (asiakasNro, paikka, lennonNro) values(25, 8, 3);
insert into AsiakaidenLennot (asiakasNro, paikka, lennonNro) values(26, 9, 3);
insert into AsiakaidenLennot (asiakasNro, paikka, lennonNro) values(27, 10, 3);
insert into AsiakaidenLennot (asiakasNro, paikka, lennonNro) values(28, 11, 3);
insert into AsiakaidenLennot (asiakasNro, paikka, lennonNro) values(29, 10, 2);
insert into AsiakaidenLennot (asiakasNro, paikka, lennonNro) values(30, 10, 1);
insert into AsiakaidenLennot (asiakasNro, paikka, lennonNro) values(31, 11, 2);
insert into AsiakaidenLennot (asiakasNro, paikka, lennonNro) values(32, 11, 1);
insert into AsiakaidenLennot (asiakasNro, paikka, lennonNro) values(33, 12, 1);
insert into AsiakaidenLennot (asiakasNro, paikka, lennonNro) values(34, 13, 1);
insert into AsiakaidenLennot (asiakasNro, paikka, lennonNro) values(35, 14, 1);
insert into AsiakaidenLennot (asiakasNro, paikka, lennonNro) values(36, 15, 1);
insert into AsiakaidenLennot (asiakasNro, paikka, lennonNro) values(37, 16, 1);
insert into AsiakaidenLennot (asiakasNro, paikka, lennonNro) values(38, 17, 1);
insert into AsiakaidenLennot (asiakasNro, paikka, lennonNro) values(39, 12, 2);
insert into AsiakaidenLennot (asiakasNro, paikka, lennonNro) values(40, 12, 3);
insert into Tuote (tuoteNro, nimi, hinta, kuvaus, tuoteryhma) values(1,"banaani" ,1 ,"banaali banaani" ,1);
